,,Job,Median Pay 2023 (Annual),Typical Entry Level Education,Work Experience in Related Occupation,On-The-Job Training,Number of Jobs 2023,Job Outlook 2023-2033 (%),Employement Change 2023-2033,Job Rank
,1,Data Scientist,"$108,020.00",Bachelor's degree,None,None,"209,900",36,"73,100",3
,2,Economist,"$115,730.00",Master's degree,None,None,"17,500",5,900,7
,3,Financial Analysts,"$99,890.00",Bachelor's degree,None,None,"404,800",9,"37,900",4
,4,Sociologists,"$101,770.00",Master's degree,None,None,"3,300",7,200,8
,5,Management Analysts,"$99,410.00",Bachelor's degree,Less than 5 Years,None,"1,018,300",11,"107,900",5
,6,Top Executives ,"$103,840.00",Bachelor's degree,5 years or more,None,"3,944,000",6,"227,600",2
,7,Financial Manager,"$156,100.00",Bachelor's degree,5 years or more,None,"837,100",17,"138,300",1
,8,Real Estate Broker,"$56,620.00",High school diploma or equivalent,None,None,"544,400",2,"10,100",10
,9,Political Scientists,"$132,350.00",Master's degree,None,None,"6,200",3,200,6
,10,Forensic Science Technician,"$64,940.00",Bachelor's degree,None,Moderate-term on-the-job training,"18,600",14,"2,500",9
